{
  "plain": {
    "point": 0.2,
    "lo": 0.075,
    "hi": 0.325
  },
  "protocol": {
    "point": 0.575,
    "lo": 0.425,
    "hi": 0.725
  },
  "delta": 0.37499999999999994,
  "ci": [
    0.17500000000000004,
    0.55
  ],
  "mcnemar_p": 0.000728607177734375,
  "b": 2,
  "c": 17,
  "cohens_h": 0.7940693815699703
}